"leaf","early_infl","emer_infl","seed_5DAP","seed_10DAP","anther","pistil","embryo","endosperm"
5.49185309632967,2.58496250072116,2,1.58496250072116,0,2,2.8073549220576,3.8073549220576,1
10.8017083589165,8.96866679319521,8.29920801838728,8.5274770060604,8.20945336562895,9.11634396123747,8.84549005094438,11.1935253605012,8.08214904135387
3.32192809488736,4.08746284125034,3.90689059560852,3.32192809488736,5.08746284125034,0,3.70043971814109,5.88264304936184,6.78135971352466
3.4594316186373,6.04439411935845,6.61470984411521,6.35755200461808,4.39231742277876,6.18982455888002,6.28540221886225,7.07681559705083,3.70043971814109
